Name,Latitude,Longitude
RUAC,-17.39338171,14.22345276
ONGH,-17.51782188,16.00001103
PALM,-19.95534285,14.00000144
OUTJ,-19.93308572,15.99685126
A005,-17.00426082,13.24326798
CL25,-17.26773343,11.76214859
A007,-17.29592462,12.42909032
A008,-17.43103933,14.65727085
A009,-17.44090237,15.31336311
A010,-17.44644358,15.67674959
A011,-17.46909837,16.35890715
A012,-17.60218309,16.9915926
A013,-17.63083405,12.85706414
A014,-17.57671175,13.52802215
CL24,-17.87741097,11.79818599
A016,-17.88528714,15.07830212
A017,-17.79655456,15.78400641
A018,-17.8849233,15.95577865
A019,-17.93075437,16.8502966
A020,-17.94007309,17.49706913
CL23,-18.43460388,12.00363804
A022,-18.16021127,12.5587674
A023,-18.27348079,13.20618754
A024,-18.05991777,13.83011033
A025,-18.19694825,14.38117863
A026,-18.49183825,15.02997864
A027,-18.47517717,15.75930025
A028,-18.39264955,16.61678339
CL22,-18.85804676,12.43212157
A030,-18.77658697,12.96243903
A031,-18.56240371,13.73519812
A032,-18.7191068,14.3216231
CL21,-19.37998062,12.7043723
A034,-19.12445446,13.62999489
A035,-19.24103948,14.41780886
A036,-18.97670926,15.16927299
A037,-19.17785563,15.92009646
CL20,-19.94978724,13.01007293
A039,-19.59340402,13.8711701
A040,-19.61089984,14.83728669
A041,-19.37152072,15.39798978
A042,-19.84326369,15.46636184
A043,-19.49388941,16.51938822
CL19,-20.29787456,13.22847195
A045,-20.30800525,13.64637742
A046,-19.97791471,14.55325405
A047,-20.36477778,14.94502778
A048,-20.52225,15.59341667
A049,-20.09919771,16.14283741
A050,-20.82183837,13.39469677
A051,-20.52372222,14.39691667
A052,-21.15572222,13.6485
1718,-17.61889111,18.00017929
MUHO,-17.91049104,19.98745815
BAKO,-18.0421342,21.99427305
KATM,-17.5037798,24.32157751
GRTF,-19.54495314,18.07635639
TSUM,-19.57825653,20.99629111
B007,-17.62106642,18.61623034
B008,-17.84920162,19.25320601
B009,-18.05015243,20.76022862
B010,-18.09557615,21.57085024
B011,-18.01723201,22.37944192
B012,-17.81150379,23.15926315
B013,-17.76401595,23.8206164
B014,-18.24188422,23.67423274
B015,-18.06652582,24.02028031
B016,-17.90915914,24.70733586
B017,-17.80892882,25.12332204
B018,-18.11360609,17.9995125
B019,-18.07002072,18.73075888
B020,-18.28112266,19.40691821
B021,-18.19178953,20.28244467
B022,-18.50312825,20.75377037
B023,-18.60807857,17.16044791
B024,-18.52699664,17.99779278
B025,-18.8013346,17.94891096
B026,-18.55205877,18.49301384
B027,-18.80073361,18.92208059
B028,-18.79680006,19.71001159
B029,-19.09078281,20.19254472
B030,-19.09927726,20.7046886
B031,-18.99483042,16.40445618
B032,-19.20509389,17.12786059
B033,-19.26612624,17.70358696
B034,-19.24722774,18.49649139
B035,-19.28367556,19.20282687
B036,-19.43179913,19.71818594
B037,-19.59066491,20.48480768
B038,-19.63706797,17.35232121
B039,-19.65890237,18.59415114
B040,-20.0072945,17.04942405
B041,-20.10007211,17.8155756
B042,-20.00249335,19.15921211
B043,-20.00129708,20.0001651
C001,-21.55944802,13.88172369
C002,-21.06180556,14.17208333
C003,-20.88647222,14.99041667
C004,-21.22163889,14.86744444
C005,-21.28702778,15.39413889
C006,-21.40880556,15.95461111
C007,-21.45222195,16.50516629
C008,-21.68569444,14.61880556
D001,-20.90240129,16.17748082
D002,-20.49159416,16.66656554
D003,-20.6079162,17.41778791
D004,-21.16430827,16.82272375
D005,-21.07644984,17.37124622
D006,-21.25626513,17.86156476
D007,-20.98784574,18.23865116
F001,-22.92179799,14.43316435
F002,-22.70238283,14.52116491
SWAK,-22.67114364,14.56618241
G002,-22.18501022,14.35220726
G003,-21.97930556,15.35963889
G004,-22.43119444,14.99602778
G005,-23.11250811,15.15785768
G006,-23.56086111,15.04161111
H001,-21.94255556,15.84258333
H002,-21.91438889,16.31677778
H003,-22.34463889,16.135
H004,-22.80144444,15.74494444
J001,-21.9717122,16.8971765
J002,-21.63090535,17.45366514
WIND,-22.57492041,17.08943187
FTSM,-22.57114979,17.08607791
K003,-22.78188889,16.32822222
K004,-22.60383333,16.804
K005,-22.13941463,17.57516384
K006,-22.37714955,17.95096815
K007,-22.94326441,17.66191931
K008,-23.15346679,18.17743339
SWZK,-22.76031709,18.67525986
L002,-20.39778122,18.21855605
L003,-20.48114427,18.9028573
L004,-20.66318044,19.6557802
L005,-20.60886111,20.49847222
L006,-20.24947222,20.82216667
L007,-21.14308664,18.77376258
L008,-21.01060697,19.32759583
L009,-21.27317377,20.2332437
L010,-21.12489053,20.76768994
L011,-21.78441667,18.26361111
L012,-21.89369444,18.87191667
L013,-21.58586034,19.41786289
L014,-21.87891667,19.63147222
L015,-21.84728452,20.20594954
L016,-21.48364672,20.65158784
L017,-21.94635996,20.99652529
L018,-22.40652778,18.48519444
L019,-22.43844444,18.95891667
L020,-22.33894444,19.48019444
L021,-22.28436111,19.98761111
L022,-22.9598997,19.20567631
L023,-22.82819395,19.82043004
L024,-23.22302778,19.55616667
L025,-23.49748752,18.79507313
L026,-23.64257812,19.37466713
L027,-23.5968704,19.91499141
L028,-23.93305607,18.54612933
L029,-22.94554215,18.74464606
M001,-23.36147545,15.85563662
M002,-23.30357583,16.53082486
M003,-23.28563889,17.07769444
M004,-23.89195383,16.00892974
M005,-23.784,16.629
M006,-23.72352711,17.27486629
M007,-23.69508788,17.97448151
M008,-24.16013948,16.90657734
M009,-24.07714943,17.59471538
AUSW,-26.59087929,15.99991969
ROSH,-27.9735897,16.74977476
N003,-23.55255247,14.48562243
N004,-23.91759721,14.5168654
N005,-24.51965757,14.60798656
N006,-25.11989501,14.85981031
N007,-25.61506056,14.85257601
N008,-26.13695188,14.92889258
N009,-26.07932775,16.17716197
N010,-26.654773,15.16623748
N011,-26.57980313,15.60114115
N012,-26.66455927,16.26481215
N013,-27.03813126,16.38971197
N014,-27.44845709,15.55063664
N015,-27.3856811,16.6397524
N016,-28.01980923,15.8630119
N017,-28.55376365,16.43193946
N018,-28.26563889,16.75496667
SESR,-24.48714568,15.79964004
P002,-24.48333568,16.39079772
P003,-24.84994444,16.97683333
P004,-25.31779858,16.1726565
P005,-25.22997355,16.68897235
MARI,-24.6316832,18.00005333
R002,-24.43733054,17.2196992
R003,-24.35482191,18.39142322
R004,-24.13138889,19.10913889
R005,-24.35177698,19.89412404
R006,-25.13341661,17.7775905
R007,-25.19795897,18.27511131
R008,-24.855,18.80788889
R009,-24.72463055,19.27866283
R010,-25.49888442,19.30434297
R011,-25.09594072,19.87970755
R012,-25.5168918,17.40188848
S001,-25.86405556,16.82122222
S002,-26.61706531,16.780175
S003,-26.74925812,17.22613185
S004,-27.39071494,17.29373929
MATA,-25.76822201,19.99716897
KEET,-26.72039216,17.99995017
T003,-26.13756658,17.50123625
T004,-25.88457197,18.1102271
T005,-25.57851962,18.63084925
T006,-25.96294444,19.15947222
T007,-26.59564391,18.14931063
T008,-26.29486834,18.60737874
T009,-26.69122896,19.10140861
T010,-26.34608484,19.62306481
T011,-26.79080556,19.65158333
T012,-27.06246485,17.86738749
T013,-27.14614958,18.62081224
T014,-27.47496076,17.9525008
KOEP,-26.57819444,18.13538889
T015,-25.965975,17.77573333
T016,-27.11386111,19.270475
RIVE,-28.31064277,17.99998565
ARIA,-28.12399129,19.83966391
V003,-27.96552778,17.56788889
V004,-27.73392396,18.37899582
V005,-27.51034898,19.23409254
V006,-27.53133622,19.82434369
V007,-28.00769426,18.76094847
V008,-28.05449645,19.26903458
V009,-28.72252518,17.62266501
V010,-28.89416697,18.23849356
V011,-28.44787751,18.73643149
V012,-28.73303008,19.30618645
V013,-28.30360833,17.40380278
V014,-28.48477778,19.73566667
GOIS,-22.44908333,18.97947222
GROT,-19.56369444,18.10583333
OSHK,-17.79130556,15.70619444
SWOP,-22.66675,14.53447222
